DELETE FROM vulnerabilities;
DELETE FROM vulnerability_reports;
DELETE FROM profiles;
DELETE FROM users_roles;
DELETE FROM users;

INSERT INTO users (id, handle, email, password, created_at) VALUES
(1, 'alice', 'alice@example.com', '$2a$10$placeholder', '2024-01-01 09:00:00'),
(2, 'bob', 'bob@example.com', '$2a$10$placeholder', '2024-01-01 09:00:00');

INSERT INTO vulnerability_reports (id, user_id, system_under_test, created_at, updated_at) VALUES
(1, 1, 'Sistema A', '2024-01-01 10:00:00', '2024-01-01 10:00:00'),
(2, 1, 'Sistema B', '2024-01-02 10:00:00', '2024-01-02 10:00:00'),
(3, 2, 'Sistema C', '2024-01-03 10:00:00', '2024-01-03 10:00:00'),
(4, 2, 'Sistema D', '2024-01-04 10:00:00', '2024-01-04 10:00:00'),
(5, 1, 'Sistema E', '2024-01-05 10:00:00', '2024-01-05 10:00:00'),
(6, 1, 'Sistema F', '2024-01-06 10:00:00', '2024-01-06 10:00:00'),
(7, 2, 'Sistema G', '2024-01-07 10:00:00', '2024-01-07 10:00:00'),
(8, 2, 'Sistema H', '2024-01-08 10:00:00', '2024-01-08 10:00:00'),
(9, 1, 'Sistema I', '2024-01-09 10:00:00', '2024-01-09 10:00:00'),
(10, 1, 'Sistema J', '2024-01-10 10:00:00', '2024-01-10 10:00:00'),
(11, 2, 'Sistema K', '2024-01-11 10:00:00', '2024-01-11 10:00:00'),
(12, 2, 'Sistema L', '2024-01-12 10:00:00', '2024-01-12 10:00:00'),
(13, 1, 'Sistema M', '2024-01-13 10:00:00', '2024-01-13 10:00:00'),
(14, 1, 'Sistema N', '2024-01-14 10:00:00', '2024-01-14 10:00:00'),
(15, 2, 'Sistema O', '2024-01-15 10:00:00', '2024-01-15 10:00:00'),
(16, 2, 'Sistema P', '2024-01-16 10:00:00', '2024-01-16 10:00:00'),
(17, 1, 'Sistema Q', '2024-01-17 10:00:00', '2024-01-17 10:00:00'),
(18, 1, 'Sistema R', '2024-01-18 10:00:00', '2024-01-18 10:00:00'),
(19, 2, 'Sistema S', '2024-01-19 10:00:00', '2024-01-19 10:00:00'),
(20, 2, 'Sistema T', '2024-01-20 10:00:00', '2024-01-20 10:00:00'),
(21, 1, 'Sistema U', '2024-01-21 10:00:00', '2024-01-21 10:00:00'),
(22, 1, 'Sistema V', '2024-01-22 10:00:00', '2024-01-22 10:00:00'),
(23, 2, 'Sistema W', '2024-01-23 10:00:00', '2024-01-23 10:00:00'),
(24, 2, 'Sistema X', '2024-01-24 10:00:00', '2024-01-24 10:00:00'),
(25, 1, 'Sistema Y', '2024-01-25 10:00:00', '2024-01-25 10:00:00');

INSERT INTO vulnerabilities (description, severity, report_id, created_at, updated_at) VALUES
('SQL Injection no login', 'CRITICAL', 1, '2024-01-01 10:00:00', '2024-01-01 10:00:00'),
('XSS no campo de busca', 'HIGH', 1, '2024-01-01 10:00:00', '2024-01-01 10:00:00'),
('CSRF no formulário', 'MEDIUM', 2, '2024-01-02 10:00:00', '2024-01-02 10:00:00'),
('Exposição de dados sensíveis', 'HIGH', 2, '2024-01-02 10:00:00', '2024-01-02 10:00:00'),
('Autenticação fraca', 'HIGH', 3, '2024-01-03 10:00:00', '2024-01-03 10:00:00'),
('Falta de rate limiting', 'LOW', 3, '2024-01-03 10:00:00', '2024-01-03 10:00:00'),
('Path traversal', 'CRITICAL', 4, '2024-01-04 10:00:00', '2024-01-04 10:00:00'),
('Injeção de comandos', 'CRITICAL', 4, '2024-01-04 10:00:00', '2024-01-04 10:00:00'),
('Sessão sem expiração', 'MEDIUM', 5, '2024-01-05 10:00:00', '2024-01-05 10:00:00'),
('Log de senhas em texto claro', 'HIGH', 5, '2024-01-05 10:00:00', '2024-01-05 10:00:00');